Sufijo,Número,frec_afijada,frec_pseudoafijada,count_afijada,count_pseudoafijada,prop_frec_afij,prop_count_afij
 aca ,Total,199.0,1223.0,13.0,53.0,0.139943741209564,0.19696969696969696
 aca ,plural ,0.0,18.0,0.0,4.0,0.0,0.0
 aca ,singular ,199.0,1205.0,13.0,49.0,0.14173789173789172,0.20967741935483872
 acha ,Total,11.0,1120.0,2.0,28.0,0.009725906277630416,0.06666666666666667
 acha ,plural ,2.0,5.0,1.0,2.0,0.2857142857142857,0.3333333333333333
 acha ,singular ,9.0,1115.0,1.0,26.0,0.00800711743772242,0.037037037037037035
 acho ,Total,12.0,2562.0,6.0,36.0,0.004662004662004662,0.14285714285714285
 acho ,plural ,5.0,9.0,3.0,3.0,0.35714285714285715,0.5
 acho ,singular ,7.0,2553.0,3.0,33.0,0.002734375,0.08333333333333333
 aco ,Total,257.0,1712.0,17.0,59.0,0.13052310817673946,0.2236842105263158
 aco ,plural ,5.0,22.0,4.0,9.0,0.18518518518518517,0.3076923076923077
 aco ,singular ,252.0,1690.0,13.0,50.0,0.12976313079299692,0.20634920634920634
 ada ,Total,21931.0,17911.0,681.0,158.0,0.5504492746348075,0.8116805721096544
 ada ,plural ,256.0,105.0,79.0,18.0,0.7091412742382271,0.8144329896907216
 ada ,singular ,21675.0,17806.0,602.0,140.0,0.5489982523239026,0.8113207547169812
 ado ,Total,47366.0,13810.0,914.0,282.0,0.7742578789067608,0.7642140468227425
 ado ,plural ,708.0,263.0,106.0,41.0,0.729145211122554,0.7210884353741497
 ado ,singular ,46658.0,13547.0,808.0,241.0,0.774985466323395,0.7702573879885606
 agoga ,Total,16.0,0.0,2.0,0.0,1.0,1.0
 agoga ,singular ,16.0,0.0,2.0,0.0,1.0,1.0
 agogia ,Total,25.0,0.0,1.0,0.0,1.0,1.0
 agogia ,singular ,25.0,0.0,1.0,0.0,1.0,1.0
 agogo ,Total,14.0,0.0,4.0,0.0,1.0,1.0
 agogo ,plural ,1.0,0.0,1.0,0.0,1.0,1.0
 agogo ,singular ,13.0,0.0,3.0,0.0,1.0,1.0
 aja ,Total,44.0,3524.0,8.0,33.0,0.01233183856502242,0.1951219512195122
 aja ,plural ,16.0,9.0,3.0,3.0,0.64,0.5
 aja ,singular ,28.0,3515.0,5.0,30.0,0.007902907140841095,0.14285714285714285
 ajo ,Total,43.0,15867.0,21.0,44.0,0.002702702702702703,0.3230769230769231
 ajo ,plural ,12.0,17.0,7.0,5.0,0.41379310344827586,0.5833333333333334
 ajo ,singular ,31.0,15850.0,14.0,39.0,0.0019520181348781562,0.2641509433962264
 al ,Total,30094.0,27009.0,315.0,251.0,0.5270125912824195,0.5565371024734982
 al ,plural ,521.0,172.0,47.0,34.0,0.7518037518037518,0.5802469135802469
 al ,singular ,29573.0,26837.0,268.0,217.0,0.5242510193228151,0.5525773195876289
 algia ,Total,156.0,0.0,3.0,0.0,1.0,1.0
 algia ,plural ,1.0,0.0,1.0,0.0,1.0,1.0
 algia ,singular ,155.0,0.0,2.0,0.0,1.0,1.0
 ambre ,Total,24.0,727.0,3.0,13.0,0.03195739014647137,0.1875
 ambre ,singular ,24.0,727.0,3.0,13.0,0.03195739014647137,0.1875
 ambrera ,Total,11.0,0.0,2.0,0.0,1.0,1.0
 ambrera ,singular ,11.0,0.0,2.0,0.0,1.0,1.0
 amen ,Total,58.0,168.0,9.0,4.0,0.25663716814159293,0.6923076923076923
 amen ,singular ,58.0,168.0,9.0,4.0,0.25663716814159293,0.6923076923076923
 ana ,Total,2838.0,9833.0,93.0,169.0,0.2239760082077184,0.3549618320610687
 ana ,plural ,176.0,252.0,26.0,22.0,0.411214953271028,0.5416666666666666
 ana ,singular ,2662.0,9581.0,67.0,147.0,0.2174303683737646,0.3130841121495327
 anca ,Total,0.0,1776.0,0.0,20.0,0.0,0.0
 anca ,plural ,0.0,19.0,0.0,3.0,0.0,0.0
 anca ,singular ,0.0,1757.0,0.0,17.0,0.0,0.0
 anco ,Total,0.0,3830.0,0.0,27.0,0.0,0.0
 anco ,plural ,0.0,16.0,0.0,3.0,0.0,0.0
 anco ,singular ,0.0,3814.0,0.0,24.0,0.0,0.0
 andria ,Total,5.0,1.0,1.0,1.0,0.8333333333333334,0.5
 andria ,singular ,5.0,1.0,1.0,1.0,0.8333333333333334,0.5
 anga ,Total,3.0,290.0,2.0,11.0,0.010238907849829351,0.15384615384615385
 anga ,singular ,3.0,290.0,2.0,11.0,0.010238907849829351,0.15384615384615385
 ango ,Total,0.0,258.0,0.0,14.0,0.0,0.0
 ango ,plural ,0.0,21.0,0.0,3.0,0.0,0.0
 ango ,singular ,0.0,237.0,0.0,11.0,0.0,0.0
 antropía ,Total,3.0,0.0,2.0,0.0,1.0,1.0
 antropía ,singular ,3.0,0.0,2.0,0.0,1.0,1.0
 ar ,Total,4839.0,15958.0,80.0,184.0,0.23267779006587488,0.30303030303030304
 ar ,plural ,14.0,109.0,6.0,18.0,0.11382113821138211,0.25
 ar ,singular ,4825.0,15849.0,74.0,166.0,0.23338492792879945,0.30833333333333335
 arca ,Total,248.0,1368.0,9.0,23.0,0.15346534653465346,0.28125
 arca ,plural ,2.0,0.0,1.0,0.0,1.0,1.0
 arca ,singular ,246.0,1368.0,8.0,23.0,0.1524163568773234,0.25806451612903225
 arda ,Total,0.0,439.0,0.0,19.0,0.0,0.0
 arda ,plural ,0.0,7.0,0.0,5.0,0.0,0.0
 arda ,singular ,0.0,432.0,0.0,14.0,0.0,0.0
 ardo ,Total,0.0,509.0,0.0,36.0,0.0,0.0
 ardo ,plural ,0.0,3.0,0.0,2.0,0.0,0.0
 ardo ,singular ,0.0,506.0,0.0,34.0,0.0,0.0
 aria ,Total,1933.0,984.0,83.0,28.0,0.6626671237572849,0.7477477477477478
 aria ,plural ,20.0,9.0,5.0,5.0,0.6896551724137931,0.5
 aria ,singular ,1913.0,975.0,78.0,23.0,0.6623961218836565,0.7722772277227723
 ario ,Total,8280.0,1890.0,224.0,62.0,0.8141592920353983,0.7832167832167832
 ario ,plural ,97.0,6.0,31.0,5.0,0.941747572815534,0.8611111111111112
 ario ,singular ,8183.0,1884.0,193.0,57.0,0.8128538790106288,0.772
 aritmo ,Total,2.0,0.0,1.0,0.0,1.0,1.0
 aritmo ,singular ,2.0,0.0,1.0,0.0,1.0,1.0
 arquía ,Total,390.0,0.0,9.0,0.0,1.0,1.0
 arquía ,singular ,390.0,0.0,9.0,0.0,1.0,1.0
 asa ,Total,192.0,20652.0,34.0,33.0,0.009211283822682787,0.5074626865671642
 asa ,plural ,56.0,0.0,15.0,0.0,1.0,1.0
 asa ,singular ,136.0,20652.0,19.0,33.0,0.006542235905329998,0.36538461538461536
 astenia ,Total,2.0,2.0,2.0,1.0,0.5,0.6666666666666666
 astenia ,singular ,2.0,2.0,2.0,1.0,0.5,0.6666666666666666
 astero ,Total,22.0,46.0,2.0,2.0,0.3235294117647059,0.5
 astero ,singular ,22.0,46.0,2.0,2.0,0.3235294117647059,0.5
 astra ,Total,28.0,4.0,3.0,4.0,0.875,0.42857142857142855
 astra ,singular ,28.0,4.0,3.0,4.0,0.875,0.42857142857142855
 astro ,Total,45.0,379.0,7.0,10.0,0.10613207547169812,0.4117647058823529
 astro ,plural ,2.0,0.0,1.0,0.0,1.0,1.0
 astro ,singular ,43.0,379.0,6.0,10.0,0.1018957345971564,0.375
 ataria ,Total,1.0,0.0,1.0,0.0,1.0,1.0
 ataria ,plural ,1.0,0.0,1.0,0.0,1.0,1.0
 atario ,Total,83.0,0.0,15.0,0.0,1.0,1.0
 atario ,plural ,23.0,0.0,8.0,0.0,1.0,1.0
 atario ,singular ,60.0,0.0,7.0,0.0,1.0,1.0
 ate ,Total,143.0,2977.0,5.0,64.0,0.04583333333333333,0.07246376811594203
 ate ,plural ,0.0,24.0,0.0,8.0,0.0,0.0
 ate ,singular ,143.0,2953.0,5.0,56.0,0.046188630490956076,0.08196721311475409
 ato ,Total,1398.0,5507.0,77.0,83.0,0.20246198406951485,0.48125
 ato ,plural ,12.0,11.0,4.0,5.0,0.5217391304347826,0.4444444444444444
 ato ,singular ,1386.0,5496.0,73.0,78.0,0.2013949433304272,0.48344370860927155
 ava ,Total,48.0,399.0,4.0,25.0,0.10738255033557047,0.13793103448275862
 ava ,plural ,0.0,7.0,0.0,3.0,0.0,0.0
 ava ,singular ,48.0,392.0,4.0,22.0,0.10909090909090909,0.15384615384615385
 avo ,Total,116.0,301.0,8.0,15.0,0.27817745803357313,0.34782608695652173
 avo ,singular ,116.0,301.0,8.0,15.0,0.27817745803357313,0.34782608695652173
 aza ,Total,36.0,3321.0,16.0,43.0,0.010723860589812333,0.2711864406779661
 aza ,plural ,5.0,7.0,5.0,5.0,0.4166666666666667,0.5
 aza ,singular ,31.0,3314.0,11.0,38.0,0.009267563527653214,0.22448979591836735
 azgo ,Total,205.0,0.0,9.0,0.0,1.0,1.0
 azgo ,singular ,205.0,0.0,9.0,0.0,1.0,1.0
 azo ,Total,753.0,1988.0,204.0,48.0,0.2747172564757388,0.8095238095238095
 azo ,plural ,48.0,6.0,38.0,4.0,0.8888888888888888,0.9047619047619048
 azo ,singular ,705.0,1982.0,166.0,44.0,0.26237439523632305,0.7904761904761904
 azón ,Total,76.0,4260.0,10.0,12.0,0.017527675276752766,0.45454545454545453
 azón ,singular ,76.0,4260.0,10.0,12.0,0.017527675276752766,0.45454545454545453
 aña ,Total,1166.0,2025.0,9.0,46.0,0.36540269507991224,0.16363636363636364
 aña ,plural ,9.0,30.0,1.0,3.0,0.23076923076923078,0.25
 aña ,singular ,1157.0,1995.0,8.0,43.0,0.36706852791878175,0.1568627450980392
 año ,Total,77.0,7750.0,1.0,44.0,0.009837741152421106,0.022222222222222223
 año ,plural ,77.0,36.0,1.0,4.0,0.6814159292035398,0.2
 año ,singular ,0.0,7714.0,0.0,40.0,0.0,0.0
 blasto ,Total,10.0,1.0,3.0,1.0,0.9090909090909091,0.75
 blasto ,plural ,9.0,1.0,2.0,1.0,0.9,0.6666666666666666
 blasto ,singular ,1.0,0.0,1.0,0.0,1.0,1.0
 cardia ,Total,13.0,0.0,1.0,0.0,1.0,1.0
 cardia ,singular ,13.0,0.0,1.0,0.0,1.0,1.0
 cardio ,Total,49.0,0.0,1.0,0.0,1.0,1.0
 cardio ,singular ,49.0,0.0,1.0,0.0,1.0,1.0
 carpio ,Total,1.0,0.0,1.0,0.0,1.0,1.0
 carpio ,singular ,1.0,0.0,1.0,0.0,1.0,1.0
 cefalia ,Total,2.0,0.0,2.0,0.0,1.0,1.0
 cefalia ,singular ,2.0,0.0,2.0,0.0,1.0,1.0
 cele ,Total,4.0,151.0,2.0,6.0,0.025806451612903226,0.25
 cele ,plural ,0.0,151.0,0.0,6.0,0.0,0.0
 cele ,singular ,4.0,0.0,2.0,0.0,1.0,1.0
 centesis ,Total,13.0,0.0,3.0,0.0,1.0,1.0
 centesis ,singular ,13.0,0.0,3.0,0.0,1.0,1.0
 cidio ,Total,323.0,0.0,12.0,0.0,1.0,1.0
 cidio ,plural ,1.0,0.0,1.0,0.0,1.0,1.0
 cidio ,singular ,322.0,0.0,11.0,0.0,1.0,1.0
 cito ,Total,316.0,963.0,111.0,4.0,0.2470680218921032,0.9652173913043478
 cito ,plural ,39.0,0.0,24.0,0.0,1.0,1.0
 cito ,singular ,277.0,963.0,87.0,4.0,0.22338709677419355,0.9560439560439561
 ción ,Total,60931.0,13022.0,1638.0,158.0,0.8239151893770368,0.9120267260579065
 ción ,plural ,78.0,30.0,47.0,4.0,0.7222222222222222,0.9215686274509803
 ción ,singular ,60853.0,12992.0,1591.0,154.0,0.8240639176653802,0.9117478510028654
 coco ,Total,29.0,68.0,4.0,4.0,0.29896907216494845,0.5
 coco ,plural ,0.0,1.0,0.0,1.0,0.0,0.0
 coco ,singular ,29.0,67.0,4.0,3.0,0.3020833333333333,0.5714285714285714
 cola ,Total,19.0,445.0,6.0,7.0,0.040948275862068964,0.46153846153846156
 cola ,plural ,11.0,0.0,4.0,0.0,1.0,1.0
 cola ,singular ,8.0,445.0,2.0,7.0,0.017660044150110375,0.2222222222222222
 cole ,Total,0.0,305.0,0.0,7.0,0.0,0.0
 cole ,plural ,0.0,293.0,0.0,5.0,0.0,0.0
 cole ,singular ,0.0,12.0,0.0,2.0,0.0,0.0
 colía ,Total,0.0,85.0,0.0,1.0,0.0,0.0
 colía ,singular ,0.0,85.0,0.0,1.0,0.0,0.0
 cosmo ,Total,5.0,88.0,4.0,2.0,0.053763440860215055,0.6666666666666666
 cosmo ,plural ,2.0,88.0,1.0,2.0,0.022222222222222223,0.3333333333333333
 cosmo ,singular ,3.0,0.0,3.0,0.0,1.0,1.0
 cracia ,Total,1166.0,2.0,18.0,1.0,0.9982876712328768,0.9473684210526315
 cracia ,singular ,1166.0,2.0,18.0,1.0,0.9982876712328768,0.9473684210526315
 crata ,Total,283.0,0.0,17.0,0.0,1.0,1.0
 crata ,plural ,1.0,0.0,1.0,0.0,1.0,1.0
 crata ,singular ,282.0,0.0,16.0,0.0,1.0,1.0
 cromía ,Total,5.0,1.0,1.0,1.0,0.8333333333333334,0.5
 cromía ,singular ,5.0,1.0,1.0,1.0,0.8333333333333334,0.5
 cronía ,Total,13.0,0.0,4.0,0.0,1.0,1.0
 cronía ,singular ,13.0,0.0,4.0,0.0,1.0,1.0
 cultor ,Total,68.0,3.0,5.0,1.0,0.9577464788732394,0.8333333333333334
 cultor ,plural ,0.0,3.0,0.0,1.0,0.0,0.0
 cultor ,singular ,68.0,0.0,5.0,0.0,1.0,1.0
 cultura ,Total,193.0,3313.0,10.0,7.0,0.055048488305761555,0.5882352941176471
 cultura ,singular ,193.0,3313.0,10.0,7.0,0.055048488305761555,0.5882352941176471
 da ,Total,11420.0,18088.0,446.0,361.0,0.38701369120238577,0.5526641883519207
 da ,plural ,10608.0,3848.0,438.0,162.0,0.7338129496402878,0.73
 da ,singular ,812.0,14240.0,8.0,199.0,0.0539463194259899,0.03864734299516908
 dad ,Total,41872.0,2446.0,897.0,11.0,0.9448079786993998,0.987885462555066
 dad ,plural ,25.0,0.0,19.0,0.0,1.0,1.0
 dad ,singular ,41847.0,2446.0,878.0,11.0,0.9447768270381325,0.9876265466816648
 demia ,Total,39.0,124.0,3.0,2.0,0.2392638036809816,0.6
 demia ,singular ,39.0,124.0,3.0,2.0,0.2392638036809816,0.6
 dera ,Total,131.0,1795.0,35.0,27.0,0.0680166147455867,0.5645161290322581
 dera ,plural ,55.0,191.0,11.0,8.0,0.22357723577235772,0.5789473684210527
 dera ,singular ,76.0,1604.0,24.0,19.0,0.04523809523809524,0.5581395348837209
 dermia ,Total,1.0,0.0,1.0,0.0,1.0,1.0
 dermia ,singular ,1.0,0.0,1.0,0.0,1.0,1.0
 dero ,Total,274.0,463.0,53.0,36.0,0.37177747625508817,0.5955056179775281
 dero ,plural ,10.0,75.0,8.0,12.0,0.11764705882352941,0.4
 dero ,singular ,264.0,388.0,45.0,24.0,0.4049079754601227,0.6521739130434783
 dinamo ,Total,0.0,3.0,0.0,1.0,0.0,0.0
 dinamo ,singular ,0.0,3.0,0.0,1.0,0.0,0.0
 do ,Total,17849.0,76215.0,550.0,563.0,0.18975378465725465,0.4941599281221923
 do ,plural ,16735.0,11221.0,534.0,397.0,0.5986192588353126,0.5735767991407089
 do ,singular ,1114.0,64994.0,16.0,166.0,0.016851213166333878,0.08791208791208792
 dor ,Total,7416.0,1531.0,735.0,61.0,0.8288811892254387,0.9233668341708543
 dor ,plural ,183.0,12.0,124.0,4.0,0.9384615384615385,0.96875
 dor ,singular ,7233.0,1519.0,611.0,57.0,0.8264396709323584,0.9146706586826348
 dora ,Total,1239.0,270.0,300.0,41.0,0.8210735586481114,0.8797653958944281
 dora ,plural ,57.0,12.0,40.0,5.0,0.8260869565217391,0.8888888888888888
 dora ,singular ,1182.0,258.0,260.0,36.0,0.8208333333333333,0.8783783783783784
 doxia ,Total,19.0,0.0,2.0,0.0,1.0,1.0
 doxia ,singular ,19.0,0.0,2.0,0.0,1.0,1.0
 ducto ,Total,31.0,429.0,8.0,8.0,0.06739130434782609,0.5
 ducto ,plural ,0.0,18.0,0.0,3.0,0.0,0.0
 ducto ,singular ,31.0,411.0,8.0,5.0,0.07013574660633484,0.6153846153846154
 dura ,Total,810.0,1475.0,70.0,15.0,0.3544857768052516,0.8235294117647058
 dura ,plural ,31.0,5.0,10.0,3.0,0.8611111111111112,0.7692307692307693
 dura ,singular ,779.0,1470.0,60.0,12.0,0.34637616718541575,0.8333333333333334
 ea ,Total,817.0,8625.0,9.0,101.0,0.08652827790722305,0.08181818181818182
 ea ,plural ,1.0,444.0,1.0,32.0,0.0022471910112359553,0.030303030303030304
 ea ,singular ,816.0,8181.0,8.0,69.0,0.0906968989663221,0.1038961038961039
 ectomía ,Total,7.0,0.0,3.0,0.0,1.0,1.0
 ectomía ,singular ,7.0,0.0,3.0,0.0,1.0,1.0
 eda ,Total,75.0,6095.0,7.0,25.0,0.012155591572123177,0.21875
 eda ,plural ,0.0,1.0,0.0,1.0,0.0,0.0
 eda ,singular ,75.0,6094.0,7.0,24.0,0.012157562003566219,0.22580645161290322
 edo ,Total,3.0,2139.0,2.0,21.0,0.0014005602240896359,0.08695652173913043
 edo ,plural ,2.0,10.0,1.0,2.0,0.16666666666666666,0.3333333333333333
 edo ,singular ,1.0,2129.0,1.0,19.0,0.00046948356807511736,0.05
 edro ,Total,5.0,12.0,3.0,4.0,0.29411764705882354,0.42857142857142855
 edro ,plural ,1.0,1.0,1.0,1.0,0.5,0.5
 edro ,singular ,4.0,11.0,2.0,3.0,0.26666666666666666,0.4
 ega ,Total,166.0,1863.0,6.0,40.0,0.08181370133070479,0.13043478260869565
 ega ,plural ,7.0,16.0,3.0,5.0,0.30434782608695654,0.375
 ega ,singular ,159.0,1847.0,3.0,35.0,0.07926221335992024,0.07894736842105263
 ego ,Total,314.0,5684.0,11.0,59.0,0.05235078359453151,0.15714285714285714
 ego ,plural ,0.0,2.0,0.0,2.0,0.0,0.0
 ego ,singular ,314.0,5682.0,11.0,57.0,0.052368245496998,0.16176470588235295
 eja ,Total,46.0,5628.0,7.0,47.0,0.008107155445893549,0.12962962962962962
 eja ,plural ,15.0,16.0,3.0,5.0,0.4838709677419355,0.375
 eja ,singular ,31.0,5612.0,4.0,42.0,0.005493531809321283,0.08695652173913043
 ejo ,Total,29.0,6492.0,12.0,59.0,0.004447170679343659,0.16901408450704225
 ejo ,plural ,15.0,447.0,4.0,6.0,0.032467532467532464,0.4
 ejo ,singular ,14.0,6045.0,8.0,53.0,0.0023106123122627496,0.13114754098360656
 ela ,Total,121.0,3624.0,11.0,113.0,0.032309746328437916,0.08870967741935484
 ela ,plural ,1.0,525.0,1.0,41.0,0.0019011406844106464,0.023809523809523808
 ela ,singular ,120.0,3099.0,10.0,72.0,0.03727865796831314,0.12195121951219512
 elo ,Total,0.0,6538.0,0.0,88.0,0.0,0.0
 elo ,plural ,0.0,305.0,0.0,34.0,0.0,0.0
 elo ,singular ,0.0,6233.0,0.0,54.0,0.0,0.0
 emia ,Total,58.0,156.0,11.0,8.0,0.27102803738317754,0.5789473684210527
 emia ,plural ,0.0,75.0,0.0,4.0,0.0,0.0
 emia ,singular ,58.0,81.0,11.0,4.0,0.4172661870503597,0.7333333333333333
 ena ,Total,534.0,9353.0,20.0,97.0,0.05401031657732376,0.17094017094017094
 ena ,plural ,1.0,61.0,1.0,12.0,0.016129032258064516,0.07692307692307693
 ena ,singular ,533.0,9292.0,19.0,85.0,0.05424936386768448,0.18269230769230768
 enga ,Total,0.0,11.0,0.0,3.0,0.0,0.0
 enga ,singular ,0.0,11.0,0.0,3.0,0.0,0.0
 engo ,Total,0.0,27.0,0.0,6.0,0.0,0.0
 engo ,plural ,0.0,1.0,0.0,1.0,0.0,0.0
 engo ,singular ,0.0,26.0,0.0,5.0,0.0,0.0
 eno ,Total,132.0,9806.0,26.0,105.0,0.013282350573556048,0.1984732824427481
 eno ,plural ,0.0,4865.0,0.0,14.0,0.0,0.0
 eno ,singular ,132.0,4941.0,26.0,91.0,0.026020106445890007,0.2222222222222222
 entero ,Total,0.0,691.0,0.0,6.0,0.0,0.0
 entero ,plural ,0.0,1.0,0.0,1.0,0.0,0.0
 entero ,singular ,0.0,690.0,0.0,5.0,0.0,0.0
 eo ,Total,733.0,2188.0,17.0,82.0,0.2509414584046559,0.1717171717171717
 eo ,plural ,5.0,172.0,3.0,18.0,0.02824858757062147,0.14285714285714285
 eo ,singular ,728.0,2016.0,14.0,64.0,0.2653061224489796,0.1794871794871795
 era ,Total,2635.0,72812.0,285.0,195.0,0.034925179264914445,0.59375
 era ,plural ,254.0,311.0,57.0,30.0,0.4495575221238938,0.6551724137931034
 era ,singular ,2381.0,72501.0,228.0,165.0,0.03179669346438396,0.5801526717557252
 ergia ,Total,0.0,16.0,0.0,1.0,0.0,0.0
 ergia ,singular ,0.0,16.0,0.0,1.0,0.0,0.0
 erio ,Total,44.0,1809.0,3.0,34.0,0.023745277927684834,0.08108108108108109
 erio ,plural ,0.0,2.0,0.0,2.0,0.0,0.0
 erio ,singular ,44.0,1807.0,3.0,32.0,0.02377093462992977,0.08571428571428572
 ero ,Total,6765.0,48513.0,472.0,175.0,0.12238141756214045,0.7295208655332303
 ero ,plural ,449.0,232.0,118.0,33.0,0.6593245227606461,0.7814569536423841
 ero ,singular ,6316.0,48281.0,354.0,142.0,0.1156840119420481,0.7137096774193549
 ería ,Total,852.0,453.0,171.0,35.0,0.6528735632183909,0.8300970873786407
 ería ,plural ,14.0,14.0,10.0,8.0,0.5,0.5555555555555556
 ería ,singular ,838.0,439.0,161.0,27.0,0.6562255285826155,0.8563829787234043
 esa ,Total,1843.0,7026.0,61.0,51.0,0.2078024579997745,0.5446428571428571
 esa ,plural ,0.0,1.0,0.0,1.0,0.0,0.0
 esa ,singular ,1843.0,7025.0,61.0,50.0,0.20782589084348219,0.5495495495495496
 estesia ,Total,102.0,0.0,6.0,0.0,1.0,1.0
 estesia ,singular ,102.0,0.0,6.0,0.0,1.0,1.0
 eta ,Total,735.0,6000.0,90.0,151.0,0.1091314031180401,0.37344398340248963
 eta ,plural ,34.0,10.0,8.0,7.0,0.7727272727272727,0.5333333333333333
 eta ,singular ,701.0,5990.0,82.0,144.0,0.10476759826632791,0.36283185840707965
 ete ,Total,160.0,2741.0,51.0,81.0,0.055153395380903136,0.38636363636363635
 ete ,plural ,19.0,79.0,10.0,8.0,0.19387755102040816,0.5555555555555556
 ete ,singular ,141.0,2662.0,41.0,73.0,0.050303246521584015,0.35964912280701755
 ez ,Total,1596.0,7202.0,111.0,31.0,0.1814048647419868,0.7816901408450704
 ez ,plural ,1.0,33.0,1.0,8.0,0.029411764705882353,0.1111111111111111
 ez ,singular ,1595.0,7169.0,110.0,23.0,0.18199452304883615,0.8270676691729323
 eza ,Total,4684.0,4722.0,57.0,16.0,0.49798001275781417,0.7808219178082192
 eza ,plural ,0.0,27.0,0.0,2.0,0.0,0.0
 eza ,singular ,4684.0,4695.0,57.0,14.0,0.4994135835376906,0.8028169014084507
 ezna ,Total,0.0,1.0,0.0,1.0,0.0,0.0
 ezna ,singular ,0.0,1.0,0.0,1.0,0.0,0.0
 ezno ,Total,1.0,1.0,1.0,1.0,0.5,0.5
 ezno ,singular ,1.0,1.0,1.0,1.0,0.5,0.5
 eña ,Total,270.0,747.0,21.0,21.0,0.26548672566371684,0.5
 eña ,plural ,7.0,1.0,4.0,1.0,0.875,0.8
 eña ,singular ,263.0,746.0,17.0,20.0,0.2606541129831516,0.4594594594594595
 eño ,Total,389.0,3476.0,38.0,23.0,0.10064683053040104,0.6229508196721312
 eño ,plural ,44.0,1.0,16.0,1.0,0.9777777777777777,0.9411764705882353
 eño ,singular ,345.0,3475.0,22.0,22.0,0.09031413612565445,0.5
 fagia ,Total,5.0,0.0,3.0,0.0,1.0,1.0
 fagia ,singular ,5.0,0.0,3.0,0.0,1.0,1.0
 fanía ,Total,25.0,1.0,4.0,1.0,0.9615384615384616,0.8
 fanía ,singular ,25.0,1.0,4.0,1.0,0.9615384615384616,0.8
 fasia ,Total,0.0,2.0,0.0,1.0,0.0,0.0
 fasia ,singular ,0.0,2.0,0.0,1.0,0.0,0.0
 fila ,Total,15.0,410.0,2.0,6.0,0.03529411764705882,0.25
 fila ,plural ,1.0,0.0,1.0,0.0,1.0,1.0
 fila ,singular ,14.0,410.0,1.0,6.0,0.0330188679245283,0.14285714285714285
 filo ,Total,45.0,42.0,10.0,2.0,0.5172413793103449,0.8333333333333334
 filo ,plural ,35.0,0.0,7.0,0.0,1.0,1.0
 filo ,singular ,10.0,42.0,3.0,2.0,0.19230769230769232,0.6
 fito ,Total,14.0,3.0,6.0,2.0,0.8235294117647058,0.75
 fito ,plural ,8.0,1.0,5.0,1.0,0.8888888888888888,0.8333333333333334
 fito ,singular ,6.0,2.0,1.0,1.0,0.75,0.5
 fobia ,Total,21.0,44.0,6.0,2.0,0.3230769230769231,0.75
 fobia ,singular ,21.0,44.0,6.0,2.0,0.3230769230769231,0.75
 fono ,Total,996.0,1.0,12.0,1.0,0.9989969909729187,0.9230769230769231
 fono ,plural ,2.0,0.0,1.0,0.0,1.0,1.0
 fono ,singular ,994.0,1.0,11.0,1.0,0.9989949748743718,0.9166666666666666
 fonía ,Total,44.0,2.0,7.0,1.0,0.9565217391304348,0.875
 fonía ,singular ,44.0,2.0,7.0,1.0,0.9565217391304348,0.875
 fora ,Total,74.0,2.0,1.0,1.0,0.9736842105263158,0.5
 fora ,singular ,74.0,2.0,1.0,1.0,0.9736842105263158,0.5
 foro ,Total,45.0,100.0,2.0,4.0,0.3103448275862069,0.3333333333333333
 foro ,plural ,1.0,0.0,1.0,0.0,1.0,1.0
 foro ,singular ,44.0,100.0,1.0,4.0,0.3055555555555556,0.2
 frenia ,Total,17.0,0.0,2.0,0.0,1.0,1.0
 frenia ,singular ,17.0,0.0,2.0,0.0,1.0,1.0
 fuga ,Total,4.0,309.0,2.0,3.0,0.012779552715654952,0.4
 fuga ,plural ,3.0,0.0,1.0,0.0,1.0,1.0
 fuga ,singular ,1.0,309.0,1.0,3.0,0.0032258064516129032,0.25
 gamia ,Total,8.0,5.0,4.0,1.0,0.6153846153846154,0.8
 gamia ,singular ,8.0,5.0,4.0,1.0,0.6153846153846154,0.8
 geo ,Total,15.0,0.0,2.0,0.0,1.0,1.0
 geo ,singular ,15.0,0.0,2.0,0.0,1.0,1.0
 ginia ,Total,9.0,26.0,3.0,2.0,0.2571428571428571,0.6
 ginia ,singular ,9.0,26.0,3.0,2.0,0.2571428571428571,0.6
 gnosia ,Total,4.0,0.0,2.0,0.0,1.0,1.0
 gnosia ,singular ,4.0,0.0,2.0,0.0,1.0,1.0
 grafía ,Total,1489.0,11.0,65.0,3.0,0.9926666666666667,0.9558823529411765
 grafía ,plural ,3.0,0.0,2.0,0.0,1.0,1.0
 grafía ,singular ,1486.0,11.0,63.0,3.0,0.9926519706078825,0.9545454545454546
 grama ,Total,2252.0,3.0,31.0,2.0,0.998669623059867,0.9393939393939394
 grama ,plural ,3.0,1.0,3.0,1.0,0.75,0.75
 grama ,singular ,2249.0,2.0,28.0,1.0,0.9991115059973346,0.9655172413793104
 gramo ,Total,12.0,15.0,3.0,1.0,0.4444444444444444,0.75
 gramo ,plural ,4.0,0.0,1.0,0.0,1.0,1.0
 gramo ,singular ,8.0,15.0,2.0,1.0,0.34782608695652173,0.6666666666666666
 ia ,Total,2487.0,29539.0,120.0,549.0,0.07765565478049086,0.17937219730941703
 ia ,plural ,139.0,5022.0,27.0,179.0,0.026932764968029453,0.13106796116504854
 ia ,singular ,2348.0,24517.0,93.0,370.0,0.0873999627768472,0.20086393088552915
 iana ,Total,442.0,1132.0,24.0,41.0,0.28081321473951715,0.36923076923076925
 iana ,plural ,4.0,5.0,2.0,4.0,0.4444444444444444,0.3333333333333333
 iana ,singular ,438.0,1127.0,22.0,37.0,0.27987220447284344,0.3728813559322034
 iano ,Total,379.0,1607.0,32.0,64.0,0.1908358509566969,0.3333333333333333
 iano ,plural ,20.0,12.0,8.0,9.0,0.625,0.47058823529411764
 iano ,singular ,359.0,1595.0,24.0,55.0,0.18372569089048107,0.3037974683544304
 iatra ,Total,149.0,1.0,4.0,1.0,0.9933333333333333,0.8
 iatra ,plural ,1.0,0.0,1.0,0.0,1.0,1.0
 iatra ,singular ,148.0,1.0,3.0,1.0,0.9932885906040269,0.75
 iatría ,Total,48.0,0.0,4.0,0.0,1.0,1.0
 iatría ,singular ,48.0,0.0,4.0,0.0,1.0,1.0
 ica ,Total,13634.0,13093.0,220.0,195.0,0.5101208515733153,0.5301204819277109
 ica ,plural ,125.0,24.0,28.0,6.0,0.8389261744966443,0.8235294117647058
 ica ,singular ,13509.0,13069.0,192.0,189.0,0.5082775227631876,0.5039370078740157
 icia ,Total,1614.0,1565.0,14.0,30.0,0.5077068260459264,0.3181818181818182
 icia ,plural ,0.0,16.0,0.0,4.0,0.0,0.0
 icia ,singular ,1614.0,1549.0,14.0,26.0,0.510275055327221,0.35
 icio ,Total,1267.0,3259.0,12.0,49.0,0.2799381352187362,0.19672131147540983
 icio ,plural ,0.0,8.0,0.0,4.0,0.0,0.0
 icio ,singular ,1267.0,3251.0,12.0,45.0,0.28043382027445773,0.21052631578947367
 ico ,Total,5798.0,17099.0,156.0,213.0,0.2532209459754553,0.42276422764227645
 ico ,plural ,132.0,528.0,28.0,46.0,0.2,0.3783783783783784
 ico ,singular ,5666.0,16571.0,128.0,167.0,0.2548005576291766,0.43389830508474575
 icona ,Total,15.0,45.0,3.0,3.0,0.25,0.5
 icona ,singular ,15.0,45.0,3.0,3.0,0.25,0.5
 icón ,Total,13.0,84.0,4.0,6.0,0.13402061855670103,0.4
 icón ,plural ,3.0,1.0,2.0,1.0,0.75,0.6666666666666666
 icón ,singular ,10.0,83.0,2.0,5.0,0.10752688172043011,0.2857142857142857
 ida ,Total,11725.0,11427.0,174.0,86.0,0.5064357290946786,0.6692307692307692
 ida ,plural ,41.0,35.0,5.0,8.0,0.5394736842105263,0.38461538461538464
 ida ,singular ,11684.0,11392.0,169.0,78.0,0.5063269197434564,0.6842105263157895
 ido ,Total,35770.0,8904.0,315.0,123.0,0.8006894390473206,0.7191780821917808
 ido ,plural ,115.0,44.0,24.0,17.0,0.7232704402515723,0.5853658536585366
 ido ,singular ,35655.0,8860.0,291.0,106.0,0.8009659665281366,0.7329974811083123
 ija ,Total,61.0,1896.0,11.0,17.0,0.031170158405723045,0.39285714285714285
 ija ,plural ,3.0,1.0,3.0,1.0,0.75,0.75
 ija ,singular ,58.0,1895.0,8.0,16.0,0.029697900665642603,0.3333333333333333
 ijo ,Total,38.0,2785.0,8.0,21.0,0.013460857244066596,0.27586206896551724
 ijo ,plural ,0.0,29.0,0.0,2.0,0.0,0.0
 ijo ,singular ,38.0,2756.0,8.0,19.0,0.013600572655690766,0.2962962962962963
 ijón ,Total,1.0,26.0,1.0,2.0,0.037037037037037035,0.3333333333333333
 ijón ,singular ,1.0,26.0,1.0,2.0,0.037037037037037035,0.3333333333333333
 il ,Total,948.0,5923.0,24.0,95.0,0.13797118323388152,0.20168067226890757
 il ,plural ,5.0,184.0,3.0,14.0,0.026455026455026454,0.17647058823529413
 il ,singular ,943.0,5739.0,21.0,81.0,0.14112541155342712,0.20588235294117646
 illa ,Total,1354.0,2915.0,232.0,125.0,0.3171702974935582,0.6498599439775911
 illa ,plural ,87.0,90.0,55.0,21.0,0.4915254237288136,0.7236842105263158
 illa ,singular ,1267.0,2825.0,177.0,104.0,0.30962854349951124,0.6298932384341637
 illo ,Total,1268.0,2620.0,274.0,66.0,0.32613168724279834,0.8058823529411765
 illo ,plural ,114.0,10.0,60.0,8.0,0.9193548387096774,0.8823529411764706
 illo ,singular ,1154.0,2610.0,214.0,58.0,0.3065887353878852,0.7867647058823529
 ilo ,Total,13.0,2005.0,8.0,32.0,0.006442021803766105,0.2
 ilo ,plural ,1.0,7.0,1.0,2.0,0.125,0.3333333333333333
 ilo ,singular ,12.0,1998.0,7.0,30.0,0.005970149253731343,0.1891891891891892
 ina ,Total,4633.0,8433.0,325.0,206.0,0.3545844175723251,0.6120527306967984
 ina ,plural ,52.0,46.0,34.0,19.0,0.5306122448979592,0.6415094339622641
 ina ,singular ,4581.0,8387.0,291.0,187.0,0.3532541640962369,0.608786610878661
 inga ,Total,2.0,46.0,1.0,11.0,0.041666666666666664,0.08333333333333333
 inga ,plural ,0.0,1.0,0.0,1.0,0.0,0.0
 inga ,singular ,2.0,45.0,1.0,10.0,0.0425531914893617,0.09090909090909091
 ingo ,Total,2.0,820.0,1.0,14.0,0.0024330900243309003,0.06666666666666667
 ingo ,plural ,0.0,1.0,0.0,1.0,0.0,0.0
 ingo ,singular ,2.0,819.0,1.0,13.0,0.00243605359317905,0.07142857142857142
 io ,Total,1960.0,52468.0,96.0,726.0,0.0360108767546116,0.11678832116788321
 io ,plural ,489.0,9470.0,36.0,287.0,0.04910131539311176,0.11145510835913312
 io ,singular ,1471.0,42998.0,60.0,439.0,0.03307922372888979,0.12024048096192384
 iondo ,Total,8.0,0.0,2.0,0.0,1.0,1.0
 iondo ,plural ,8.0,0.0,2.0,0.0,1.0,1.0
 ismo ,Total,6261.0,562.0,675.0,27.0,0.9176315403781328,0.9615384615384616
 ismo ,plural ,33.0,3.0,23.0,3.0,0.9166666666666666,0.8846153846153846
 ismo ,singular ,6228.0,559.0,652.0,24.0,0.9176366583173714,0.9644970414201184
 ista ,Total,8766.0,11788.0,685.0,70.0,0.4264863286951445,0.9072847682119205
 ista ,plural ,487.0,24.0,170.0,9.0,0.9530332681017613,0.9497206703910615
 ista ,singular ,8279.0,11764.0,515.0,61.0,0.41306191687871074,0.8940972222222222
 ita ,Total,2337.0,3851.0,419.0,101.0,0.37766645119586295,0.8057692307692308
 ita ,plural ,177.0,35.0,87.0,14.0,0.8349056603773585,0.8613861386138614
 ita ,singular ,2160.0,3816.0,332.0,87.0,0.3614457831325301,0.7923627684964201
 ito ,Total,1899.0,6331.0,331.0,128.0,0.2307411907654921,0.7211328976034859
 ito ,plural ,243.0,460.0,95.0,25.0,0.3456614509246088,0.7916666666666666
 ito ,singular ,1656.0,5871.0,236.0,103.0,0.2200079713033081,0.696165191740413
 iva ,Total,3219.0,2511.0,64.0,49.0,0.5617801047120419,0.5663716814159292
 iva ,plural ,43.0,35.0,8.0,11.0,0.5512820512820513,0.42105263157894735
 iva ,singular ,3176.0,2476.0,56.0,38.0,0.5619249823071479,0.5957446808510638
 ivo ,Total,4490.0,4789.0,97.0,58.0,0.4838883500377196,0.6258064516129033
 ivo ,plural ,69.0,1.0,11.0,1.0,0.9857142857142858,0.9166666666666666
 ivo ,singular ,4421.0,4788.0,86.0,57.0,0.4800738408079053,0.6013986013986014
 iza ,Total,14.0,616.0,9.0,35.0,0.022222222222222223,0.20454545454545456
 iza ,plural ,4.0,38.0,4.0,8.0,0.09523809523809523,0.3333333333333333
 iza ,singular ,10.0,578.0,5.0,27.0,0.017006802721088437,0.15625
 izo ,Total,67.0,466.0,12.0,29.0,0.12570356472795496,0.2926829268292683
 izo ,plural ,6.0,10.0,2.0,2.0,0.375,0.5
 izo ,singular ,61.0,456.0,10.0,27.0,0.11798839458413926,0.2702702702702703
 je ,Total,861.0,7714.0,58.0,78.0,0.10040816326530612,0.4264705882352941
 je ,plural ,17.0,82.0,6.0,10.0,0.1717171717171717,0.375
 je ,singular ,844.0,7632.0,52.0,68.0,0.09957527135441246,0.43333333333333335
 latría ,Total,12.0,0.0,2.0,0.0,1.0,1.0
 latría ,singular ,12.0,0.0,2.0,0.0,1.0,1.0
 lexia ,Total,1.0,0.0,1.0,0.0,1.0,1.0
 lexia ,singular ,1.0,0.0,1.0,0.0,1.0,1.0
 lito ,Total,9.0,430.0,6.0,68.0,0.02050113895216401,0.08108108108108109
 lito ,plural ,2.0,34.0,2.0,15.0,0.05555555555555555,0.11764705882352941
 lito ,singular ,7.0,396.0,4.0,53.0,0.017369727047146403,0.07017543859649122
 logía ,Total,2308.0,18.0,140.0,7.0,0.9922613929492692,0.9523809523809523
 logía ,plural ,1.0,0.0,1.0,0.0,1.0,1.0
 logía ,singular ,2307.0,18.0,139.0,7.0,0.9922580645161291,0.952054794520548
 ma ,Total,8.0,46861.0,2.0,415.0,0.00017068851479656063,0.004796163069544364
 ma ,plural ,7.0,1374.0,1.0,55.0,0.005068790731354091,0.017857142857142856
 ma ,singular ,1.0,45487.0,1.0,360.0,2.198381990854731e-05,0.002770083102493075
 mancia ,Total,8.0,9.0,3.0,3.0,0.47058823529411764,0.5
 mancia ,singular ,8.0,9.0,3.0,3.0,0.47058823529411764,0.5
 manía ,Total,24.0,142.0,11.0,3.0,0.14457831325301204,0.7857142857142857
 manía ,plural ,1.0,0.0,1.0,0.0,1.0,1.0
 manía ,singular ,23.0,142.0,10.0,3.0,0.1393939393939394,0.7692307692307693
 maquia ,Total,13.0,0.0,5.0,0.0,1.0,1.0
 maquia ,singular ,13.0,0.0,5.0,0.0,1.0,1.0
 megalia ,Total,1.0,0.0,1.0,0.0,1.0,1.0
 megalia ,singular ,1.0,0.0,1.0,0.0,1.0,1.0
 menta ,Total,37.0,261.0,4.0,4.0,0.12416107382550336,0.5
 menta ,singular ,37.0,261.0,4.0,4.0,0.12416107382550336,0.5
 mento ,Total,1050.0,10123.0,36.0,63.0,0.09397655061308512,0.36363636363636365
 mento ,plural ,1.0,8.0,1.0,3.0,0.1111111111111111,0.25
 mento ,singular ,1049.0,10115.0,35.0,60.0,0.09396273737011823,0.3684210526315789
 metro ,Total,0.0,452.0,0.0,6.0,0.0,0.0
 metro ,singular ,0.0,452.0,0.0,6.0,0.0,0.0
 metría ,Total,0.0,43.0,0.0,3.0,0.0,0.0
 metría ,singular ,0.0,43.0,0.0,3.0,0.0,0.0
 miento ,Total,12013.0,59.0,501.0,11.0,0.9951126573889993,0.978515625
 miento ,plural ,22.0,3.0,15.0,3.0,0.88,0.8333333333333334
 miento ,singular ,11991.0,56.0,486.0,8.0,0.9953515398024404,0.9838056680161943
 mnesia ,Total,1.0,14.0,1.0,1.0,0.06666666666666667,0.5
 mnesia ,plural ,1.0,0.0,1.0,0.0,1.0,1.0
 mnesia ,singular ,0.0,14.0,0.0,1.0,0.0,0.0
 morfia ,Total,1.0,0.0,1.0,0.0,1.0,1.0
 morfia ,singular ,1.0,0.0,1.0,0.0,1.0,1.0
 ncia ,Total,16786.0,18590.0,228.0,236.0,0.47450248756218905,0.49137931034482757
 ncia ,plural ,10.0,17.0,9.0,7.0,0.37037037037037035,0.5625
 ncia ,singular ,16776.0,18573.0,219.0,229.0,0.4745820249512009,0.4888392857142857
 ndera ,Total,8.0,388.0,3.0,2.0,0.020202020202020204,0.6
 ndera ,plural ,1.0,0.0,1.0,0.0,1.0,1.0
 ndera ,singular ,7.0,388.0,2.0,2.0,0.017721518987341773,0.5
 ndero ,Total,7.0,142.0,2.0,9.0,0.04697986577181208,0.18181818181818182
 ndero ,plural ,2.0,2.0,1.0,1.0,0.5,0.5
 ndero ,singular ,5.0,140.0,1.0,8.0,0.034482758620689655,0.1111111111111111
 nema ,Total,0.0,5.0,0.0,3.0,0.0,0.0
 nema ,plural ,0.0,1.0,0.0,1.0,0.0,0.0
 nema ,singular ,0.0,4.0,0.0,2.0,0.0,0.0
 nomia ,Total,0.0,10.0,0.0,3.0,0.0,0.0
 nomia ,singular ,0.0,10.0,0.0,3.0,0.0,0.0
 nomía ,Total,1351.0,0.0,20.0,0.0,1.0,1.0
 nomía ,singular ,1351.0,0.0,20.0,0.0,1.0,1.0
 nta ,Total,134.0,20130.0,12.0,147.0,0.006612712198973549,0.07547169811320754
 nta ,plural ,3.0,224.0,3.0,24.0,0.013215859030837005,0.1111111111111111
 nta ,singular ,131.0,19906.0,9.0,123.0,0.006537904875979438,0.06818181818181818
 nte ,Total,17913.0,27049.0,438.0,300.0,0.39840309594768913,0.5934959349593496
 nte ,plural ,325.0,91.0,55.0,25.0,0.78125,0.6875
 nte ,singular ,17588.0,26958.0,383.0,275.0,0.3948278184348763,0.5820668693009119
 nza ,Total,3433.0,1410.0,42.0,43.0,0.7088581457774107,0.49411764705882355
 nza ,plural ,4.0,115.0,2.0,3.0,0.03361344537815126,0.4
 nza ,singular ,3429.0,1295.0,40.0,40.0,0.7258679085520745,0.5
 odoncia ,Total,0.0,11.0,0.0,2.0,0.0,0.0
 odoncia ,singular ,0.0,11.0,0.0,2.0,0.0,0.0
 odonte ,Total,0.0,2.0,0.0,1.0,0.0,0.0
 odonte ,plural ,0.0,2.0,0.0,1.0,0.0,0.0
 oide ,Total,164.0,1.0,35.0,1.0,0.9939393939393939,0.9722222222222222
 oide ,plural ,91.0,0.0,19.0,0.0,1.0,1.0
 oide ,singular ,73.0,1.0,16.0,1.0,0.9864864864864865,0.9411764705882353
 ol ,Total,3278.0,6052.0,13.0,66.0,0.35133976420150054,0.16455696202531644
 ol ,plural ,2.0,28.0,2.0,8.0,0.06666666666666667,0.2
 ol ,singular ,3276.0,6024.0,11.0,58.0,0.352258064516129,0.15942028985507245
 ona ,Total,527.0,5626.0,103.0,79.0,0.08564927677555664,0.5659340659340659
 ona ,plural ,39.0,16.0,14.0,10.0,0.7090909090909091,0.5833333333333334
 ona ,singular ,488.0,5610.0,89.0,69.0,0.08002623811085602,0.5632911392405063
 onimia ,Total,9.0,5.0,3.0,1.0,0.6428571428571429,0.75
 onimia ,singular ,9.0,5.0,3.0,1.0,0.6428571428571429,0.75
 opsia ,Total,42.0,0.0,3.0,0.0,1.0,1.0
 opsia ,plural ,1.0,0.0,1.0,0.0,1.0,1.0
 opsia ,singular ,41.0,0.0,2.0,0.0,1.0,1.0
 opsis ,Total,0.0,1.0,0.0,1.0,0.0,0.0
 opsis ,singular ,0.0,1.0,0.0,1.0,0.0,0.0
 opía ,Total,0.0,170.0,0.0,7.0,0.0,0.0
 opía ,singular ,0.0,170.0,0.0,7.0,0.0,0.0
 or ,Total,9509.0,37820.0,129.0,551.0,0.20091275961883834,0.18970588235294117
 or ,plural ,54.0,7465.0,15.0,412.0,0.007181806091235536,0.0351288056206089
 or ,singular ,9455.0,30355.0,114.0,139.0,0.23750313991459432,0.4505928853754941
 ora ,Total,331.0,7283.0,44.0,219.0,0.04347255056474915,0.16730038022813687
 ora ,plural ,10.0,441.0,7.0,125.0,0.022172949002217297,0.05303030303030303
 ora ,singular ,321.0,6842.0,37.0,94.0,0.04481362557587603,0.2824427480916031
 osa ,Total,1744.0,9393.0,89.0,51.0,0.15659513333931938,0.6357142857142857
 osa ,plural ,24.0,4.0,10.0,2.0,0.8571428571428571,0.8333333333333334
 osa ,singular ,1720.0,9389.0,79.0,49.0,0.154829417589342,0.6171875
 oso ,Total,2926.0,780.0,108.0,29.0,0.7895304910955208,0.7883211678832117
 oso ,plural ,297.0,10.0,14.0,4.0,0.9674267100977199,0.7777777777777778
 oso ,singular ,2629.0,770.0,94.0,25.0,0.7734627831715211,0.7899159663865546
 ota ,Total,103.0,3753.0,14.0,82.0,0.02671161825726141,0.14583333333333334
 ota ,plural ,1.0,43.0,1.0,8.0,0.022727272727272728,0.1111111111111111
 ota ,singular ,102.0,3710.0,13.0,74.0,0.026757607555089193,0.14942528735632185
 ote ,Total,236.0,889.0,27.0,69.0,0.20977777777777779,0.28125
 ote ,plural ,13.0,51.0,5.0,12.0,0.203125,0.29411764705882354
 ote ,singular ,223.0,838.0,22.0,57.0,0.21017907634307256,0.27848101265822783
 patía ,Total,50.0,178.0,15.0,5.0,0.21929824561403508,0.75
 patía ,plural ,3.0,0.0,2.0,0.0,1.0,1.0
 patía ,singular ,47.0,178.0,13.0,5.0,0.2088888888888889,0.7222222222222222
 pedia ,Total,48.0,0.0,3.0,0.0,1.0,1.0
 pedia ,singular ,48.0,0.0,3.0,0.0,1.0,1.0
 pepsia ,Total,0.0,2.0,0.0,1.0,0.0,0.0
 pepsia ,singular ,0.0,2.0,0.0,1.0,0.0,0.0
 peya ,Total,53.0,0.0,5.0,0.0,1.0,1.0
 peya ,singular ,53.0,0.0,5.0,0.0,1.0,1.0
 piteco ,Total,2.0,0.0,1.0,0.0,1.0,1.0
 piteco ,singular ,2.0,0.0,1.0,0.0,1.0,1.0
 plasia ,Total,5.0,1.0,3.0,1.0,0.8333333333333334,0.75
 plasia ,plural ,1.0,0.0,1.0,0.0,1.0,1.0
 plasia ,singular ,4.0,1.0,2.0,1.0,0.8,0.6666666666666666
 pnea ,Total,0.0,1.0,0.0,1.0,0.0,0.0
 pnea ,singular ,0.0,1.0,0.0,1.0,0.0,0.0
 podo ,Total,2.0,28.0,2.0,2.0,0.06666666666666667,0.5
 podo ,singular ,2.0,28.0,2.0,2.0,0.06666666666666667,0.5
 poli ,Total,50.0,44.0,5.0,4.0,0.5319148936170213,0.5555555555555556
 poli ,plural ,8.0,0.0,2.0,0.0,1.0,1.0
 poli ,singular ,42.0,44.0,3.0,4.0,0.4883720930232558,0.42857142857142855
 polio ,Total,68.0,22.0,3.0,4.0,0.7555555555555555,0.42857142857142855
 polio ,singular ,68.0,22.0,3.0,4.0,0.7555555555555555,0.42857142857142855
 praxis ,Total,0.0,10.0,0.0,1.0,0.0,0.0
 praxis ,singular ,0.0,10.0,0.0,1.0,0.0,0.0
 quiria ,Total,0.0,3.0,0.0,2.0,0.0,0.0
 quiria ,singular ,0.0,3.0,0.0,2.0,0.0,0.0
 ragia ,Total,21.0,0.0,2.0,0.0,1.0,1.0
 ragia ,singular ,21.0,0.0,2.0,0.0,1.0,1.0
 rea ,Total,17.0,1849.0,4.0,36.0,0.009110396570203644,0.1
 rea ,plural ,0.0,19.0,0.0,4.0,0.0,0.0
 rea ,singular ,17.0,1830.0,4.0,32.0,0.009204114780725501,0.1111111111111111
 reo ,Total,0.0,648.0,0.0,52.0,0.0,0.0
 reo ,plural ,0.0,16.0,0.0,4.0,0.0,0.0
 reo ,singular ,0.0,632.0,0.0,48.0,0.0,0.0
 rinco ,Total,0.0,12.0,0.0,1.0,0.0,0.0
 rinco ,singular ,0.0,12.0,0.0,1.0,0.0,0.0
 rra ,Total,0.0,7751.0,0.0,101.0,0.0,0.0
 rra ,plural ,0.0,50.0,0.0,15.0,0.0,0.0
 rra ,singular ,0.0,7701.0,0.0,86.0,0.0,0.0
 rrio ,Total,0.0,834.0,0.0,3.0,0.0,0.0
 rrio ,singular ,0.0,834.0,0.0,3.0,0.0,0.0
 rro ,Total,0.0,4067.0,0.0,112.0,0.0,0.0
 rro ,plural ,0.0,21.0,0.0,10.0,0.0,0.0
 rro ,singular ,0.0,4046.0,0.0,102.0,0.0,0.0
 saurio ,Total,31.0,4.0,7.0,2.0,0.8857142857142857,0.7777777777777778
 saurio ,plural ,1.0,2.0,1.0,1.0,0.3333333333333333,0.5
 saurio ,singular ,30.0,2.0,6.0,1.0,0.9375,0.8571428571428571
 sca ,Total,124.0,2644.0,16.0,49.0,0.044797687861271675,0.24615384615384617
 sca ,plural ,1.0,13.0,1.0,6.0,0.07142857142857142,0.14285714285714285
 sca ,singular ,123.0,2631.0,15.0,43.0,0.044662309368191724,0.25862068965517243
 sco ,Total,137.0,2665.0,11.0,66.0,0.048893647394718055,0.14285714285714285
 sco ,plural ,3.0,21.0,1.0,4.0,0.125,0.2
 sco ,singular ,134.0,2644.0,10.0,62.0,0.0482361411087113,0.1388888888888889
 scopio ,Total,110.0,3.0,16.0,1.0,0.9734513274336283,0.9411764705882353
 scopio ,singular ,110.0,3.0,16.0,1.0,0.9734513274336283,0.9411764705882353
 sema ,Total,0.0,2.0,0.0,1.0,0.0,0.0
 sema ,singular ,0.0,2.0,0.0,1.0,0.0,0.0
 semia ,Total,5.0,2.0,1.0,2.0,0.7142857142857143,0.3333333333333333
 semia ,plural ,0.0,1.0,0.0,1.0,0.0,0.0
 semia ,singular ,5.0,1.0,1.0,1.0,0.8333333333333334,0.5
 sepsia ,Total,0.0,4.0,0.0,1.0,0.0,0.0
 sepsia ,singular ,0.0,4.0,0.0,1.0,0.0,0.0
 sfera ,Total,215.0,85.0,9.0,2.0,0.7166666666666667,0.8181818181818182
 sfera ,singular ,215.0,85.0,9.0,2.0,0.7166666666666667,0.8181818181818182
 sis ,Total,322.0,4861.0,43.0,119.0,0.06212618174802238,0.2654320987654321
 sis ,singular ,322.0,4861.0,43.0,119.0,0.06212618174802238,0.2654320987654321
 sofo ,Total,193.0,0.0,3.0,0.0,1.0,1.0
 sofo ,plural ,1.0,0.0,1.0,0.0,1.0,1.0
 sofo ,singular ,192.0,0.0,2.0,0.0,1.0,1.0
 sofía ,Total,819.0,0.0,4.0,0.0,1.0,1.0
 sofía ,singular ,819.0,0.0,4.0,0.0,1.0,1.0
 soma ,Total,120.0,10.0,11.0,2.0,0.9230769230769231,0.8461538461538461
 soma ,plural ,6.0,0.0,2.0,0.0,1.0,1.0
 soma ,singular ,114.0,10.0,9.0,2.0,0.9193548387096774,0.8181818181818182
 stasia ,Total,0.0,16.0,0.0,4.0,0.0,0.0
 stasia ,singular ,0.0,16.0,0.0,4.0,0.0,0.0
 stasis ,Total,28.0,0.0,2.0,0.0,1.0,1.0
 stasis ,singular ,28.0,0.0,2.0,0.0,1.0,1.0
 stato ,Total,6.0,0.0,1.0,0.0,1.0,1.0
 stato ,singular ,6.0,0.0,1.0,0.0,1.0,1.0
 stico ,Total,220.0,1032.0,11.0,22.0,0.1757188498402556,0.3333333333333333
 stico ,plural ,18.0,0.0,4.0,0.0,1.0,1.0
 stico ,singular ,202.0,1032.0,7.0,22.0,0.16369529983792544,0.2413793103448276
 stoma ,Total,0.0,7.0,0.0,3.0,0.0,0.0
 stoma ,plural ,0.0,1.0,0.0,1.0,0.0,0.0
 stoma ,singular ,0.0,6.0,0.0,2.0,0.0,0.0
 tanasia ,Total,0.0,20.0,0.0,1.0,0.0,0.0
 tanasia ,singular ,0.0,20.0,0.0,1.0,0.0,0.0
 teca ,Total,391.0,61.0,11.0,8.0,0.8650442477876106,0.5789473684210527
 teca ,plural ,2.0,5.0,2.0,3.0,0.2857142857142857,0.4
 teca ,singular ,389.0,56.0,9.0,5.0,0.8741573033707866,0.6428571428571429
 tecnia ,Total,10.0,0.0,4.0,0.0,1.0,1.0
 tecnia ,singular ,10.0,0.0,4.0,0.0,1.0,1.0
 teco ,Total,22.0,10.0,4.0,3.0,0.6875,0.5714285714285714
 teco ,plural ,4.0,10.0,2.0,3.0,0.2857142857142857,0.4
 teco ,singular ,18.0,0.0,2.0,0.0,1.0,1.0
 telia ,Total,0.0,1.0,0.0,1.0,0.0,0.0
 telia ,singular ,0.0,1.0,0.0,1.0,0.0,0.0
 terapia ,Total,0.0,142.0,0.0,12.0,0.0,0.0
 terapia ,singular ,0.0,142.0,0.0,12.0,0.0,0.0
 terma ,Total,2.0,7.0,1.0,1.0,0.2222222222222222,0.5
 terma ,plural ,0.0,7.0,0.0,1.0,0.0,0.0
 terma ,singular ,2.0,0.0,1.0,0.0,1.0,1.0
 termo ,Total,0.0,6.0,0.0,1.0,0.0,0.0
 termo ,singular ,0.0,6.0,0.0,1.0,0.0,0.0
 tipo ,Total,0.0,3396.0,0.0,16.0,0.0,0.0
 tipo ,plural ,0.0,5.0,0.0,4.0,0.0,0.0
 tipo ,singular ,0.0,3391.0,0.0,12.0,0.0,0.0
 tomo ,Total,0.0,296.0,0.0,5.0,0.0,0.0
 tomo ,singular ,0.0,296.0,0.0,5.0,0.0,0.0
 tomía ,Total,14.0,131.0,6.0,4.0,0.09655172413793103,0.6
 tomía ,plural ,2.0,0.0,2.0,0.0,1.0,1.0
 tomía ,singular ,12.0,131.0,4.0,4.0,0.08391608391608392,0.5
 tono ,Total,0.0,929.0,0.0,5.0,0.0,0.0
 tono ,plural ,0.0,1.0,0.0,1.0,0.0,0.0
 tono ,singular ,0.0,928.0,0.0,4.0,0.0,0.0
 tonía ,Total,42.0,56.0,1.0,6.0,0.42857142857142855,0.14285714285714285
 tonía ,singular ,42.0,56.0,1.0,6.0,0.42857142857142855,0.14285714285714285
 topo ,Total,25.0,43.0,4.0,4.0,0.36764705882352944,0.5
 topo ,plural ,25.0,0.0,4.0,0.0,1.0,1.0
 topo ,singular ,0.0,43.0,0.0,4.0,0.0,0.0
 toria ,Total,4071.0,988.0,20.0,17.0,0.8047044870527772,0.5405405405405406
 toria ,plural ,2.0,0.0,2.0,0.0,1.0,1.0
 toria ,singular ,4069.0,988.0,18.0,17.0,0.8046272493573264,0.5142857142857142
 torio ,Total,1268.0,317.0,50.0,6.0,0.8,0.8928571428571429
 torio ,plural ,5.0,0.0,4.0,0.0,1.0,1.0
 torio ,singular ,1263.0,317.0,46.0,6.0,0.799367088607595,0.8846153846153846
 triz ,Total,63.0,328.0,7.0,9.0,0.16112531969309463,0.4375
 triz ,plural ,27.0,1.0,3.0,1.0,0.9642857142857143,0.75
 triz ,singular ,36.0,327.0,4.0,8.0,0.09917355371900827,0.3333333333333333
 trofia ,Total,28.0,7.0,5.0,3.0,0.8,0.625
 trofia ,singular ,28.0,7.0,5.0,3.0,0.8,0.625
 tropía ,Total,4.0,12.0,1.0,2.0,0.25,0.3333333333333333
 tropía ,singular ,4.0,12.0,1.0,2.0,0.25,0.3333333333333333
 tud ,Total,2510.0,154.0,42.0,5.0,0.9421921921921922,0.8936170212765957
 tud ,plural ,1.0,1.0,1.0,1.0,0.5,0.5
 tud ,singular ,2509.0,153.0,41.0,4.0,0.9425244177310294,0.9111111111111111
 uca ,Total,20.0,165.0,5.0,13.0,0.10810810810810811,0.2777777777777778
 uca ,plural ,0.0,1.0,0.0,1.0,0.0,0.0
 uca ,singular ,20.0,164.0,5.0,12.0,0.10869565217391304,0.29411764705882354
 ucha ,Total,5.0,2990.0,2.0,21.0,0.001669449081803005,0.08695652173913043
 ucha ,singular ,5.0,2990.0,2.0,21.0,0.001669449081803005,0.08695652173913043
 ucho ,Total,33.0,285.0,13.0,21.0,0.10377358490566038,0.38235294117647056
 ucho ,plural ,7.0,21.0,3.0,6.0,0.25,0.3333333333333333
 ucho ,singular ,26.0,264.0,10.0,15.0,0.0896551724137931,0.4
 uco ,Total,72.0,162.0,4.0,20.0,0.3076923076923077,0.16666666666666666
 uco ,plural ,0.0,9.0,0.0,3.0,0.0,0.0
 uco ,singular ,72.0,153.0,4.0,17.0,0.32,0.19047619047619047
 uda ,Total,15.0,5136.0,3.0,39.0,0.0029120559114735,0.07142857142857142
 uda ,plural ,0.0,32.0,0.0,4.0,0.0,0.0
 uda ,singular ,15.0,5104.0,3.0,35.0,0.0029302598163703846,0.07894736842105263
 udo ,Total,80.0,1447.0,12.0,39.0,0.05239030779305828,0.23529411764705882
 udo ,plural ,14.0,9.0,4.0,2.0,0.6086956521739131,0.6666666666666666
 udo ,singular ,66.0,1438.0,8.0,37.0,0.043882978723404256,0.17777777777777778
 uela ,Total,131.0,2493.0,24.0,35.0,0.04992378048780488,0.4067796610169492
 uela ,plural ,23.0,3.0,6.0,2.0,0.8846153846153846,0.75
 uela ,singular ,108.0,2490.0,18.0,33.0,0.04157043879907621,0.35294117647058826
 uelo ,Total,82.0,5172.0,20.0,35.0,0.015607156452226875,0.36363636363636365
 uelo ,plural ,2.0,2.0,1.0,2.0,0.5,0.3333333333333333
 uelo ,singular ,80.0,5170.0,19.0,33.0,0.015238095238095238,0.36538461538461536
 umbre ,Total,39.0,576.0,5.0,11.0,0.06341463414634146,0.3125
 umbre ,singular ,39.0,576.0,5.0,11.0,0.06341463414634146,0.3125
 ura ,Total,3711.0,11214.0,94.0,157.0,0.24864321608040202,0.3745019920318725
 ura ,plural ,507.0,394.0,14.0,38.0,0.562708102108768,0.2692307692307692
 ura ,singular ,3204.0,10820.0,80.0,119.0,0.2284654877353109,0.4020100502512563
 urgia ,Total,44.0,0.0,5.0,0.0,1.0,1.0
 urgia ,singular ,44.0,0.0,5.0,0.0,1.0,1.0
 urgo ,Total,15.0,8.0,3.0,2.0,0.6521739130434783,0.6
 urgo ,singular ,15.0,8.0,3.0,2.0,0.6521739130434783,0.6
 uro ,Total,66.0,7293.0,12.0,43.0,0.008968609865470852,0.21818181818181817
 uro ,plural ,0.0,10.0,0.0,5.0,0.0,0.0
 uro ,singular ,66.0,7283.0,12.0,38.0,0.008980813716151857,0.24
 uzca ,Total,0.0,1.0,0.0,1.0,0.0,0.0
 uzca ,singular ,0.0,1.0,0.0,1.0,0.0,0.0
 zca ,Total,0.0,20.0,0.0,1.0,0.0,0.0
 zca ,singular ,0.0,20.0,0.0,1.0,0.0,0.0
 zco ,Total,0.0,51.0,0.0,5.0,0.0,0.0
 zco ,singular ,0.0,51.0,0.0,5.0,0.0,0.0
 zoo ,Total,4.0,16.0,2.0,2.0,0.2,0.5
 zoo ,singular ,4.0,16.0,2.0,2.0,0.2,0.5
 án ,Total,819.0,3652.0,7.0,123.0,0.18318049653321405,0.05384615384615385
 án ,plural ,0.0,454.0,0.0,26.0,0.0,0.0
 án ,singular ,819.0,3198.0,7.0,97.0,0.20388349514563106,0.0673076923076923
 ía ,Total,551.0,7376.0,54.0,77.0,0.06950927210798537,0.4122137404580153
 ía ,plural ,551.0,7376.0,54.0,77.0,0.06950927210798537,0.4122137404580153
 ín ,Total,553.0,2049.0,84.0,113.0,0.21252882398155265,0.4263959390862944
 ín ,plural ,5.0,639.0,5.0,44.0,0.007763975155279503,0.10204081632653061
 ín ,singular ,548.0,1410.0,79.0,69.0,0.27987742594484166,0.5337837837837838
 ío ,Total,74.0,1133.0,11.0,29.0,0.061309030654515324,0.275
 ío ,plural ,74.0,1133.0,11.0,29.0,0.061309030654515324,0.275
 ón ,Total,3163.0,51369.0,350.0,1471.0,0.05800264065136067,0.19220208676551345
 ón ,plural ,209.0,22877.0,64.0,893.0,0.009053105778393833,0.06687565308254964
 ón ,singular ,2954.0,28492.0,286.0,578.0,0.09393881574763085,0.33101851851851855
aje,Total,1149.0,0.0,39.0,0.0,1.0,1.0
aje,singular ,1149.0,0.0,39.0,0.0,1.0,1.0
dumbre,Total,332.0,0.0,9.0,0.0,1.0,1.0
dumbre,singular ,332.0,0.0,9.0,0.0,1.0,1.0
icia,Total,21.0,0.0,2.0,0.0,1.0,1.0
icia,plural ,21.0,0.0,2.0,0.0,1.0,1.0
ito,Total,1.0,0.0,1.0,0.0,1.0,1.0
ito,plural ,1.0,0.0,1.0,0.0,1.0,1.0
ma,Total,0.0,32.0,0.0,1.0,0.0,0.0
ma,singular ,0.0,32.0,0.0,1.0,0.0,0.0
ncia,Total,5222.0,0.0,179.0,0.0,1.0,1.0
ncia,plural ,5222.0,0.0,179.0,0.0,1.0,1.0
o,Total,4636.0,0.0,231.0,0.0,1.0,1.0
o,plural ,60.0,0.0,29.0,0.0,1.0,1.0
o,singular ,4576.0,0.0,202.0,0.0,1.0,1.0
oma,Total,138.0,0.0,18.0,0.0,1.0,1.0
oma,plural ,4.0,0.0,2.0,0.0,1.0,1.0
oma,singular ,134.0,0.0,16.0,0.0,1.0,1.0
tor,Total,3985.0,0.0,67.0,0.0,1.0,1.0
tor,plural ,8.0,0.0,3.0,0.0,1.0,1.0
tor,singular ,3977.0,0.0,64.0,0.0,1.0,1.0
tora,Total,516.0,0.0,32.0,0.0,1.0,1.0
tora,singular ,516.0,0.0,32.0,0.0,1.0,1.0
tura,Total,1148.0,0.0,30.0,0.0,1.0,1.0
tura,plural ,23.0,0.0,2.0,0.0,1.0,1.0
tura,singular ,1125.0,0.0,28.0,0.0,1.0,1.0
ía,Total,809.0,0.0,72.0,0.0,1.0,1.0
ía,plural ,14.0,0.0,12.0,0.0,1.0,1.0
ía,singular ,795.0,0.0,60.0,0.0,1.0,1.0
